,Name,Age,Salary,Gender,Department,Position,Joining Date,Performance Score,Year,Month Number,Month
0,Grace,25,50000,Male,HR,Manager,2018-04-05,D,2018,4,Apr
1,David,35,65000,Female,Finance,Director,2020-02-20,F,2020,2,Feb
2,Hannah,35,60000,Female,Sales,Director,2020-01-15,C,2020,1,Jan
3,Eve,35,50000,Female,IT,Manager,2018-04-05,A,2018,4,Apr
5,Jack,35,65000,Other,Marketing,Director,2019-03-25,F,2019,3,Mar
6,Charlie,35,50000,Male,Marketing,Clerk,2019-12-01,B,2019,2,Dec
7,Grace,40,50000,Other,HR,Director,2019-03-25,C,2019,3,Mar
8,Hannah,40,60000,Female,Marketing,Manager,2020-01-15,C,2020,1,Jan
10,David,25,70000,Male,Marketing,Analyst,2019-12-01,B,2019,2,Dec
11,Hannah,35,70000,Other,Finance,Assistant,2019-03-25,A,2019,3,Mar
12,Hannah,30,50000,Male,IT,Assistant,2018-04-05,D,2018,4,Apr
13,Charlie,25,55000,Other,HR,Manager,2020-02-20,F,2020,2,Feb
15,Eve,35,65000,Male,Finance,Clerk,2018-04-05,F,2018,4,Apr
16,Bob,40,55000,Female,Sales,Assistant,2020-01-15,B,2020,1,Jan
17,Hannah,50,55000,Male,HR,Director,2018-04-05,D,2018,4,Apr
19,Bob,50,50000,Female,Finance,Assistant,2019-03-25,D,2019,3,Mar
20,Eve,35,50000,Female,IT,Clerk,2020-01-15,D,2020,1,Jan
21,Alice,25,50000,Other,IT,Director,2018-04-05,F,2018,4,Apr
22,Jack,50,50000,Other,Marketing,Analyst,2018-04-05,B,2018,4,Apr
23,Frank,40,70000,Other,Marketing,Director,2020-01-15,B,2020,1,Jan
24,Ivy,40,50000,Other,Finance,Manager,2018-04-05,A,2018,4,Apr
25,Alice,30,70000,Male,Sales,Clerk,2020-01-15,B,2020,1,Jan
26,Jack,50,70000,Male,Finance,Analyst,2020-02-20,A,2020,2,Feb
27,Charlie,35,50000,Other,Sales,Clerk,2019-03-25,C,2019,3,Mar
28,Grace,50,60000,Male,IT,Clerk,2020-02-20,C,2020,2,Feb
29,David,25,65000,Male,HR,Assistant,2019-12-01,C,2019,2,Dec
30,Ivy,25,55000,Female,Finance,Manager,2019-12-01,B,2019,2,Dec
31,Charlie,50,70000,Female,Finance,Clerk,2019-12-01,B,2019,2,Dec
34,Grace,25,65000,Male,IT,Assistant,2020-02-20,A,2020,2,Feb
36,Ivy,25,60000,Male,IT,Manager,2020-02-20,A,2020,2,Feb
38,Bob,35,55000,Male,HR,Analyst,2019-12-01,B,2019,2,Dec
39,David,25,55000,Female,Finance,Assistant,2020-02-20,A,2020,2,Feb
40,Ivy,40,70000,Female,HR,Assistant,2018-04-05,C,2018,4,Apr
41,Bob,30,50000,Female,Finance,Director,2019-12-01,C,2019,2,Dec
42,Jack,25,60000,Other,Marketing,Director,2020-02-20,B,2020,2,Feb
43,Ivy,35,70000,Male,IT,Analyst,2020-01-15,A,2020,1,Jan
44,Jack,35,60000,Other,Sales,Analyst,2019-03-25,D,2019,3,Mar
45,Eve,25,50000,Female,Marketing,Manager,2019-03-25,B,2019,3,Mar
48,Grace,50,50000,Male,IT,Director,2020-02-20,C,2020,2,Feb
49,Hannah,30,70000,Female,Marketing,Manager,2019-12-01,D,2019,2,Dec
50,Charlie,30,50000,Female,Sales,Assistant,2018-04-05,D,2018,4,Apr
51,Alice,35,65000,Other,Marketing,Manager,2020-01-15,D,2020,1,Jan
52,David,30,55000,Female,Marketing,Manager,2020-01-15,C,2020,1,Jan
53,Bob,35,70000,Female,IT,Director,2019-03-25,A,2019,3,Mar
54,Hannah,25,60000,Male,Finance,Manager,2019-03-25,B,2019,3,Mar
55,David,35,65000,Female,Sales,Analyst,2019-03-25,A,2019,3,Mar
56,Bob,35,70000,Female,IT,Analyst,2020-02-20,B,2020,2,Feb
57,Frank,35,50000,Male,Marketing,Clerk,2018-04-05,D,2018,4,Apr
58,Frank,35,50000,Male,IT,Director,2018-04-05,A,2018,4,Apr
59,Jack,35,50000,Other,Finance,Clerk,2018-04-05,D,2018,4,Apr
60,David,50,50000,Female,Sales,Analyst,2018-04-05,F,2018,4,Apr
61,Frank,25,60000,Male,Finance,Clerk,2019-03-25,D,2019,3,Mar
62,Bob,35,65000,Other,HR,Director,2020-01-15,D,2020,1,Jan
64,Bob,40,55000,Female,Finance,Manager,2018-04-05,F,2018,4,Apr
65,Jack,25,60000,Female,Marketing,Assistant,2019-03-25,D,2019,3,Mar
66,David,25,60000,Other,Sales,Manager,2018-04-05,D,2018,4,Apr
69,Ivy,50,55000,Female,Marketing,Analyst,2019-12-01,A,2019,2,Dec
70,Hannah,30,55000,Male,HR,Manager,2020-02-20,B,2020,2,Feb
72,Bob,30,50000,Other,IT,Analyst,2020-02-20,F,2020,2,Feb
73,Eve,40,60000,Female,Finance,Director,2019-03-25,C,2019,3,Mar
74,Hannah,25,70000,Other,HR,Analyst,2019-12-01,F,2019,2,Dec
75,Jack,25,55000,Other,HR,Director,2018-04-05,B,2018,4,Apr
76,Ivy,35,55000,Other,Sales,Clerk,2018-04-05,D,2018,4,Apr
78,Alice,25,65000,Male,Finance,Director,2018-04-05,D,2018,4,Apr
79,Ivy,35,70000,Female,Marketing,Manager,2019-12-01,D,2019,2,Dec
80,Grace,50,70000,Female,Marketing,Clerk,2018-04-05,C,2018,4,Apr
81,Ivy,50,55000,Other,Sales,Assistant,2019-12-01,F,2019,2,Dec
82,Hannah,35,50000,Other,Finance,Manager,2020-02-20,D,2020,2,Feb
83,Alice,40,65000,Other,Finance,Assistant,2019-12-01,A,2019,2,Dec
84,Hannah,25,70000,Female,HR,Analyst,2020-01-15,D,2020,1,Jan
85,Hannah,25,55000,Male,Finance,Assistant,2020-01-15,F,2020,1,Jan
86,Charlie,40,70000,Male,IT,Director,2020-01-15,D,2020,1,Jan
87,Alice,50,65000,Other,HR,Assistant,2019-03-25,C,2019,3,Mar
88,Hannah,35,65000,Other,IT,Manager,2019-03-25,B,2019,3,Mar
89,Charlie,35,60000,Other,Sales,Manager,2019-03-25,B,2019,3,Mar
92,Eve,50,55000,Male,Marketing,Manager,2020-02-20,B,2020,2,Feb
93,Jack,40,65000,Other,Sales,Assistant,2020-01-15,A,2020,1,Jan
94,Grace,25,60000,Female,Finance,Clerk,2019-12-01,F,2019,2,Dec
95,Jack,40,60000,Other,IT,Clerk,2020-01-15,F,2020,1,Jan
96,Ivy,40,70000,Other,Marketing,Analyst,2019-03-25,B,2019,3,Mar
97,Grace,50,70000,Male,HR,Manager,2019-12-01,B,2019,2,Dec
98,Ivy,35,60000,Other,IT,Assistant,2018-04-05,B,2018,4,Apr
99,Hannah,30,70000,Male,HR,Manager,2020-02-20,C,2020,2,Feb
100,Bob,25,65000,Male,IT,Director,2019-03-25,D,2019,3,Mar
101,Alice,50,50000,Male,IT,Manager,2019-03-25,C,2019,3,Mar
102,Grace,35,65000,Female,Sales,Manager,2020-02-20,F,2020,2,Feb
103,Grace,30,60000,Female,Marketing,Clerk,2020-02-20,A,2020,2,Feb
104,Hannah,30,60000,Male,Marketing,Assistant,2018-04-05,D,2018,4,Apr
105,Eve,50,65000,Other,IT,Manager,2019-03-25,A,2019,3,Mar
106,Charlie,35,70000,Male,Finance,Clerk,2019-03-25,F,2019,3,Mar
107,Hannah,25,70000,Other,Finance,Analyst,2020-01-15,F,2020,1,Jan
109,Charlie,50,60000,Other,HR,Clerk,2019-12-01,A,2019,2,Dec
110,Alice,50,55000,Female,Sales,Clerk,2020-01-15,A,2020,1,Jan
112,Eve,35,70000,Male,HR,Manager,2020-02-20,B,2020,2,Feb
113,Charlie,25,65000,Female,HR,Analyst,2019-12-01,A,2019,2,Dec
114,Alice,40,70000,Other,IT,Director,2019-12-01,D,2019,2,Dec
115,Eve,35,65000,Other,Sales,Director,2020-01-15,F,2020,1,Jan
117,Grace,30,60000,Other,Sales,Analyst,2019-12-01,C,2019,2,Dec
118,Grace,35,70000,Other,Marketing,Director,2019-12-01,D,2019,2,Dec
119,Ivy,50,65000,Female,Sales,Director,2018-04-05,B,2018,4,Apr
120,Jack,30,60000,Female,Finance,Clerk,2020-01-15,A,2020,1,Jan
121,Jack,35,55000,Female,Finance,Manager,2018-04-05,F,2018,4,Apr
122,Charlie,25,65000,Female,Sales,Manager,2020-01-15,A,2020,1,Jan
124,Alice,30,55000,Female,Marketing,Clerk,2020-01-15,C,2020,1,Jan
125,David,40,55000,Other,IT,Clerk,2020-02-20,A,2020,2,Feb
126,David,25,50000,Other,Finance,Manager,2020-02-20,D,2020,2,Feb
127,Eve,25,70000,Female,Finance,Director,2020-01-15,B,2020,1,Jan
128,Grace,35,65000,Other,Sales,Clerk,2019-03-25,D,2019,3,Mar
129,Grace,35,55000,Female,Marketing,Analyst,2020-01-15,B,2020,1,Jan
130,David,40,50000,Other,IT,Clerk,2019-12-01,A,2019,2,Dec
132,Charlie,25,60000,Male,Sales,Clerk,2019-03-25,B,2019,3,Mar
133,Frank,40,65000,Female,Marketing,Manager,2020-02-20,C,2020,2,Feb
134,Bob,35,55000,Female,IT,Clerk,2019-03-25,F,2019,3,Mar
135,Jack,35,70000,Female,Marketing,Assistant,2019-12-01,D,2019,2,Dec
136,Ivy,25,50000,Other,IT,Analyst,2019-03-25,D,2019,3,Mar
137,Eve,35,55000,Female,Marketing,Director,2020-01-15,D,2020,1,Jan
138,Frank,30,70000,Male,Sales,Clerk,2019-03-25,A,2019,3,Mar
139,David,35,55000,Other,Sales,Assistant,2020-02-20,D,2020,2,Feb
140,Jack,50,65000,Female,HR,Assistant,2020-01-15,F,2020,1,Jan
141,Grace,50,65000,Other,Finance,Analyst,2018-04-05,F,2018,4,Apr
142,Ivy,35,65000,Other,Marketing,Manager,2019-12-01,B,2019,2,Dec
145,Alice,40,50000,Male,Marketing,Analyst,2020-01-15,C,2020,1,Jan
146,Ivy,50,65000,Male,IT,Director,2018-04-05,A,2018,4,Apr
147,Ivy,40,70000,Other,Finance,Assistant,2020-01-15,A,2020,1,Jan
148,David,50,55000,Female,Sales,Analyst,2019-12-01,F,2019,2,Dec
149,Ivy,30,60000,Other,HR,Manager,2020-01-15,C,2020,1,Jan
150,Charlie,30,70000,Male,Finance,Manager,2018-04-05,B,2018,4,Apr
153,Hannah,35,70000,Male,Marketing,Clerk,2020-01-15,A,2020,1,Jan
155,Eve,35,65000,Other,Sales,Assistant,2019-12-01,A,2019,2,Dec
156,Alice,35,50000,Female,IT,Clerk,2019-03-25,F,2019,3,Mar
157,Charlie,40,55000,Female,Marketing,Clerk,2019-03-25,F,2019,3,Mar
158,Jack,35,50000,Male,Finance,Assistant,2020-01-15,D,2020,1,Jan
159,Hannah,30,55000,Male,IT,Manager,2019-03-25,D,2019,3,Mar
160,Frank,30,55000,Male,HR,Analyst,2020-01-15,D,2020,1,Jan
161,Hannah,25,50000,Female,HR,Analyst,2020-01-15,F,2020,1,Jan
162,Ivy,40,70000,Male,Sales,Manager,2020-02-20,B,2020,2,Feb
163,David,35,55000,Male,Marketing,Assistant,2019-03-25,F,2019,3,Mar
164,Alice,35,50000,Male,Sales,Analyst,2020-01-15,C,2020,1,Jan
165,Alice,30,55000,Female,Sales,Assistant,2020-02-20,F,2020,2,Feb
166,Jack,30,60000,Other,Sales,Assistant,2018-04-05,F,2018,4,Apr
167,David,35,70000,Male,HR,Clerk,2020-02-20,A,2020,2,Feb
168,Grace,35,65000,Other,HR,Manager,2020-02-20,A,2020,2,Feb
169,Bob,35,55000,Male,Sales,Assistant,2020-01-15,A,2020,1,Jan
170,Charlie,40,60000,Other,HR,Director,2019-12-01,F,2019,2,Dec
171,Alice,40,65000,Female,Marketing,Manager,2019-12-01,B,2019,2,Dec
172,Eve,50,65000,Female,Sales,Analyst,2019-12-01,C,2019,2,Dec
173,Alice,50,55000,Male,HR,Clerk,2020-02-20,C,2020,2,Feb
174,Hannah,25,50000,Other,IT,Analyst,2020-01-15,B,2020,1,Jan
175,Alice,30,55000,Female,Sales,Analyst,2019-03-25,B,2019,3,Mar
176,Alice,40,60000,Male,Sales,Manager,2020-02-20,C,2020,2,Feb
177,Bob,35,65000,Male,Marketing,Analyst,2020-02-20,D,2020,2,Feb
178,Bob,35,55000,Female,Finance,Assistant,2020-01-15,A,2020,1,Jan
179,Frank,35,50000,Female,Finance,Analyst,2018-04-05,A,2018,4,Apr
180,Grace,30,55000,Male,Marketing,Clerk,2020-02-20,C,2020,2,Feb
181,Eve,50,70000,Other,Marketing,Clerk,2018-04-05,B,2018,4,Apr
182,Alice,35,50000,Other,Marketing,Director,2018-04-05,D,2018,4,Apr
183,Alice,25,60000,Other,Finance,Clerk,2019-12-01,C,2019,2,Dec
184,Charlie,30,65000,Male,Marketing,Analyst,2020-01-15,A,2020,1,Jan
185,Bob,50,55000,Female,HR,Clerk,2018-04-05,F,2018,4,Apr
186,Eve,35,50000,Male,Sales,Manager,2020-01-15,B,2020,1,Jan
187,Jack,50,70000,Female,Sales,Clerk,2019-12-01,F,2019,2,Dec
188,Frank,25,50000,Other,IT,Assistant,2020-01-15,C,2020,1,Jan
190,David,35,70000,Female,Sales,Director,2018-04-05,D,2018,4,Apr
191,Grace,25,60000,Female,HR,Assistant,2020-01-15,F,2020,1,Jan
192,Hannah,50,65000,Male,Finance,Analyst,2019-03-25,D,2019,3,Mar
193,Alice,25,60000,Other,Finance,Analyst,2020-01-15,A,2020,1,Jan
194,Frank,30,55000,Male,HR,Analyst,2018-04-05,F,2018,4,Apr
195,Hannah,40,50000,Male,Finance,Assistant,2019-12-01,D,2019,2,Dec
197,David,25,70000,Other,Sales,Assistant,2018-04-05,F,2018,4,Apr
198,Bob,50,70000,Male,Sales,Manager,2020-02-20,A,2020,2,Feb
199,Frank,50,50000,Male,HR,Manager,2020-02-20,D,2020,2,Feb
201,Alice,50,50000,Male,IT,Clerk,2019-12-01,F,2019,2,Dec
202,Ivy,35,55000,Male,IT,Analyst,2018-04-05,B,2018,4,Apr
203,Frank,30,60000,Male,Finance,Director,2020-02-20,B,2020,2,Feb
204,Charlie,30,70000,Other,IT,Manager,2019-12-01,A,2019,2,Dec
205,David,40,55000,Male,HR,Assistant,2020-02-20,C,2020,2,Feb
206,David,40,60000,Female,HR,Manager,2019-12-01,D,2019,2,Dec
207,Charlie,30,55000,Male,Finance,Assistant,2020-01-15,B,2020,1,Jan
209,Charlie,35,70000,Other,HR,Director,2020-01-15,C,2020,1,Jan
210,Charlie,50,50000,Other,HR,Manager,2019-12-01,C,2019,2,Dec
211,David,30,50000,Female,Marketing,Assistant,2019-03-25,A,2019,3,Mar
212,Grace,40,60000,Female,Marketing,Director,2019-03-25,A,2019,3,Mar
213,David,30,65000,Other,HR,Analyst,2019-12-01,D,2019,2,Dec
215,Alice,25,60000,Male,Sales,Assistant,2020-02-20,D,2020,2,Feb
216,Hannah,50,65000,Other,Sales,Manager,2019-12-01,D,2019,2,Dec
217,Grace,30,55000,Female,HR,Director,2018-04-05,F,2018,4,Apr
219,Hannah,40,55000,Female,HR,Analyst,2018-04-05,C,2018,4,Apr
220,Alice,25,70000,Male,Finance,Director,2019-12-01,C,2019,2,Dec
222,Ivy,30,65000,Female,HR,Clerk,2018-04-05,D,2018,4,Apr
223,Bob,35,70000,Male,HR,Assistant,2020-01-15,D,2020,1,Jan
224,Grace,40,50000,Male,IT,Assistant,2018-04-05,A,2018,4,Apr
225,Jack,30,65000,Other,Finance,Clerk,2020-02-20,F,2020,2,Feb
226,Charlie,50,60000,Other,HR,Analyst,2018-04-05,A,2018,4,Apr
227,Grace,40,50000,Other,IT,Director,2019-12-01,F,2019,2,Dec
228,Jack,35,50000,Female,Sales,Assistant,2019-12-01,A,2019,2,Dec
229,Ivy,25,60000,Male,HR,Clerk,2020-02-20,B,2020,2,Feb
231,Alice,35,50000,Female,IT,Analyst,2019-12-01,C,2019,2,Dec
232,Bob,30,65000,Female,Finance,Analyst,2020-01-15,D,2020,1,Jan
233,Alice,35,70000,Female,HR,Manager,2020-02-20,B,2020,2,Feb
234,Eve,40,50000,Other,Sales,Assistant,2018-04-05,C,2018,4,Apr
235,Eve,25,65000,Other,HR,Manager,2018-04-05,D,2018,4,Apr
236,Grace,40,55000,Male,Sales,Clerk,2020-01-15,B,2020,1,Jan
237,Ivy,30,65000,Male,Marketing,Director,2019-12-01,C,2019,2,Dec
238,Ivy,40,70000,Other,Marketing,Director,2020-02-20,A,2020,2,Feb
239,Charlie,25,65000,Female,Sales,Analyst,2020-01-15,F,2020,1,Jan
240,Charlie,30,60000,Female,Finance,Director,2019-12-01,B,2019,2,Dec
241,Charlie,40,70000,Female,HR,Director,2020-02-20,D,2020,2,Feb
243,Hannah,50,55000,Female,Marketing,Clerk,2020-02-20,D,2020,2,Feb
244,Frank,30,60000,Male,Sales,Director,2019-03-25,B,2019,3,Mar
246,Alice,30,65000,Female,HR,Director,2019-03-25,C,2019,3,Mar
247,Hannah,35,70000,Female,Finance,Manager,2020-02-20,A,2020,2,Feb
248,David,50,55000,Other,IT,Clerk,2019-03-25,C,2019,3,Mar
249,Alice,35,60000,Other,Marketing,Analyst,2018-04-05,A,2018,4,Apr
252,Frank,40,55000,Male,HR,Clerk,2019-03-25,B,2019,3,Mar
253,Hannah,35,65000,Male,Finance,Clerk,2018-04-05,F,2018,4,Apr
254,David,35,55000,Male,Finance,Assistant,2019-03-25,D,2019,3,Mar
256,Ivy,40,50000,Other,Finance,Assistant,2018-04-05,D,2018,4,Apr
257,Charlie,40,60000,Female,IT,Analyst,2020-01-15,A,2020,1,Jan
258,Ivy,35,55000,Other,HR,Director,2018-04-05,D,2018,4,Apr
260,Bob,35,65000,Male,Sales,Director,2020-01-15,B,2020,1,Jan
262,Frank,35,65000,Male,Finance,Assistant,2018-04-05,D,2018,4,Apr
263,Charlie,35,55000,Female,Sales,Analyst,2019-03-25,F,2019,3,Mar
264,Ivy,50,65000,Male,Finance,Manager,2020-01-15,D,2020,1,Jan
265,David,30,70000,Female,HR,Analyst,2020-01-15,A,2020,1,Jan
266,Alice,50,70000,Male,HR,Director,2019-03-25,A,2019,3,Mar
267,David,50,70000,Female,HR,Analyst,2020-02-20,A,2020,2,Feb
268,Alice,40,50000,Other,Finance,Assistant,2018-04-05,D,2018,4,Apr
269,Eve,25,55000,Male,Sales,Manager,2018-04-05,B,2018,4,Apr
272,Hannah,35,50000,Male,Finance,Director,2020-01-15,B,2020,1,Jan
273,Grace,35,65000,Male,Sales,Manager,2019-12-01,B,2019,2,Dec
274,Charlie,35,50000,Male,Finance,Manager,2019-12-01,D,2019,2,Dec
275,Alice,35,65000,Female,Finance,Manager,2019-03-25,D,2019,3,Mar
276,Alice,35,65000,Female,Marketing,Analyst,2020-02-20,B,2020,2,Feb
277,Charlie,25,60000,Other,Finance,Analyst,2020-02-20,B,2020,2,Feb
279,Grace,35,70000,Female,IT,Manager,2020-01-15,D,2020,1,Jan
280,Frank,40,65000,Male,HR,Clerk,2020-02-20,B,2020,2,Feb
281,Frank,35,60000,Male,Marketing,Director,2019-12-01,A,2019,2,Dec
283,Charlie,25,70000,Male,Marketing,Manager,2020-01-15,A,2020,1,Jan
284,Frank,30,65000,Male,IT,Analyst,2019-03-25,C,2019,3,Mar
285,Hannah,30,65000,Male,Finance,Director,2020-02-20,D,2020,2,Feb
286,Bob,40,50000,Male,HR,Manager,2019-03-25,C,2019,3,Mar
287,Eve,25,50000,Other,Sales,Manager,2020-02-20,B,2020,2,Feb
289,Alice,25,70000,Other,IT,Clerk,2019-03-25,F,2019,3,Mar
290,Eve,25,65000,Other,Finance,Director,2019-03-25,B,2019,3,Mar
293,Charlie,35,55000,Male,Marketing,Director,2020-02-20,D,2020,2,Feb
294,Alice,30,50000,Other,Marketing,Manager,2019-12-01,B,2019,2,Dec
295,Alice,25,70000,Female,HR,Director,2019-03-25,F,2019,3,Mar
296,Eve,35,65000,Other,HR,Clerk,2019-03-25,B,2019,3,Mar
298,Charlie,30,65000,Male,Sales,Director,2019-03-25,C,2019,3,Mar
299,Ivy,40,55000,Other,Finance,Analyst,2020-01-15,B,2020,1,Jan
300,Eve,35,70000,Female,Sales,Manager,2019-12-01,C,2019,2,Dec
302,Alice,35,65000,Male,Marketing,Analyst,2019-12-01,F,2019,2,Dec
303,Eve,50,50000,Other,HR,Analyst,2018-04-05,D,2018,4,Apr
304,Charlie,50,55000,Male,HR,Director,2019-03-25,F,2019,3,Mar
305,Alice,30,70000,Male,Sales,Analyst,2019-03-25,A,2019,3,Mar
306,David,35,55000,Male,HR,Assistant,2019-03-25,F,2019,3,Mar
307,Eve,35,50000,Male,Marketing,Clerk,2019-12-01,B,2019,2,Dec
308,Grace,40,70000,Male,Sales,Analyst,2019-03-25,D,2019,3,Mar
309,Alice,35,55000,Male,Finance,Analyst,2020-01-15,B,2020,1,Jan
310,Charlie,35,60000,Female,HR,Assistant,2019-03-25,A,2019,3,Mar
311,Bob,35,50000,Other,IT,Manager,2018-04-05,D,2018,4,Apr
312,Ivy,25,50000,Female,HR,Manager,2020-01-15,C,2020,1,Jan
313,Jack,40,50000,Male,Finance,Director,2019-03-25,F,2019,3,Mar
314,Frank,25,60000,Male,Sales,Assistant,2019-03-25,B,2019,3,Mar
315,Jack,30,60000,Other,Finance,Clerk,2020-02-20,A,2020,2,Feb
316,Charlie,25,65000,Female,IT,Clerk,2019-12-01,C,2019,2,Dec
318,Hannah,35,55000,Female,HR,Clerk,2020-02-20,C,2020,2,Feb
319,Bob,50,65000,Male,Sales,Manager,2018-04-05,F,2018,4,Apr
320,Frank,35,55000,Other,Marketing,Clerk,2019-12-01,D,2019,2,Dec
322,Bob,25,60000,Male,Sales,Assistant,2019-03-25,C,2019,3,Mar
324,Bob,50,60000,Female,Sales,Clerk,2019-03-25,D,2019,3,Mar
326,Alice,25,65000,Female,IT,Assistant,2019-03-25,F,2019,3,Mar
327,Hannah,30,70000,Female,HR,Director,2018-04-05,C,2018,4,Apr
328,Alice,25,65000,Male,HR,Director,2019-03-25,D,2019,3,Mar
329,Ivy,35,55000,Other,IT,Manager,2018-04-05,A,2018,4,Apr
330,Frank,35,65000,Female,Sales,Clerk,2019-12-01,F,2019,2,Dec
331,Grace,30,50000,Male,IT,Analyst,2019-12-01,D,2019,2,Dec
332,Jack,25,55000,Other,HR,Manager,2020-01-15,F,2020,1,Jan
334,Jack,30,55000,Male,IT,Assistant,2018-04-05,A,2018,4,Apr
335,Charlie,30,70000,Male,Sales,Director,2020-02-20,D,2020,2,Feb
336,Bob,25,60000,Female,Marketing,Analyst,2020-02-20,A,2020,2,Feb
338,Hannah,40,55000,Other,Sales,Assistant,2019-03-25,A,2019,3,Mar
342,David,40,60000,Other,HR,Director,2019-12-01,F,2019,2,Dec
343,David,25,65000,Male,HR,Analyst,2020-01-15,D,2020,1,Jan
345,Hannah,30,50000,Female,HR,Director,2019-12-01,D,2019,2,Dec
346,Charlie,35,70000,Female,Marketing,Analyst,2018-04-05,D,2018,4,Apr
347,Grace,40,60000,Other,Finance,Clerk,2020-01-15,C,2020,1,Jan
348,Bob,30,55000,Other,Finance,Clerk,2019-12-01,C,2019,2,Dec
349,Bob,50,60000,Male,IT,Manager,2020-01-15,B,2020,1,Jan
350,Grace,35,55000,Female,IT,Director,2020-02-20,C,2020,2,Feb
351,Frank,35,60000,Female,HR,Analyst,2018-04-05,C,2018,4,Apr
352,Charlie,30,55000,Female,Finance,Assistant,2020-01-15,C,2020,1,Jan
354,Jack,30,65000,Female,Marketing,Analyst,2020-02-20,B,2020,2,Feb
355,Frank,25,55000,Male,IT,Director,2020-02-20,D,2020,2,Feb
356,Jack,50,55000,Male,IT,Manager,2019-12-01,F,2019,2,Dec
357,Jack,35,50000,Other,Finance,Clerk,2019-12-01,D,2019,2,Dec
358,Frank,35,55000,Other,Finance,Analyst,2020-01-15,F,2020,1,Jan
359,Alice,35,50000,Female,Sales,Analyst,2019-03-25,A,2019,3,Mar
360,David,40,70000,Other,Marketing,Analyst,2020-02-20,A,2020,2,Feb
362,Frank,35,50000,Female,HR,Director,2019-12-01,F,2019,2,Dec
363,Frank,40,65000,Male,Marketing,Director,2020-01-15,D,2020,1,Jan
365,Alice,30,50000,Other,Finance,Analyst,2018-04-05,B,2018,4,Apr
369,Grace,40,70000,Male,Sales,Analyst,2019-03-25,C,2019,3,Mar
370,David,50,65000,Female,IT,Director,2019-12-01,C,2019,2,Dec
371,Frank,25,60000,Other,Finance,Assistant,2020-02-20,F,2020,2,Feb
372,David,40,60000,Other,Finance,Assistant,2020-02-20,B,2020,2,Feb
373,Charlie,30,50000,Male,IT,Director,2020-01-15,C,2020,1,Jan
375,Hannah,40,50000,Male,HR,Analyst,2020-01-15,B,2020,1,Jan
376,David,30,70000,Other,HR,Analyst,2020-02-20,B,2020,2,Feb
377,Bob,35,70000,Female,Finance,Manager,2020-02-20,D,2020,2,Feb
378,Jack,50,55000,Male,Marketing,Director,2018-04-05,B,2018,4,Apr
379,Charlie,30,70000,Male,Finance,Analyst,2019-12-01,C,2019,2,Dec
380,Alice,35,55000,Female,Marketing,Assistant,2020-02-20,C,2020,2,Feb
381,Hannah,30,65000,Male,IT,Clerk,2020-01-15,F,2020,1,Jan
382,Charlie,30,50000,Other,Sales,Clerk,2020-01-15,F,2020,1,Jan
383,Jack,50,65000,Other,Marketing,Analyst,2019-12-01,B,2019,2,Dec
384,Grace,35,70000,Male,HR,Clerk,2019-12-01,A,2019,2,Dec
385,Jack,40,65000,Other,Finance,Clerk,2018-04-05,D,2018,4,Apr
386,Eve,40,65000,Male,IT,Manager,2019-03-25,A,2019,3,Mar
387,Jack,30,65000,Female,HR,Assistant,2020-01-15,B,2020,1,Jan
388,Eve,35,70000,Male,IT,Assistant,2019-12-01,B,2019,2,Dec
390,Ivy,50,65000,Other,Finance,Manager,2019-12-01,D,2019,2,Dec
391,Eve,35,55000,Female,Finance,Clerk,2020-02-20,A,2020,2,Feb
392,Alice,40,70000,Other,Sales,Director,2020-01-15,F,2020,1,Jan
393,Jack,50,65000,Male,Finance,Clerk,2020-02-20,C,2020,2,Feb
395,Alice,40,70000,Male,IT,Assistant,2019-03-25,C,2019,3,Mar
396,Bob,50,60000,Male,HR,Clerk,2018-04-05,B,2018,4,Apr
398,Ivy,35,55000,Female,Marketing,Clerk,2019-12-01,A,2019,2,Dec
399,Hannah,25,65000,Female,HR,Analyst,2019-03-25,D,2019,3,Mar
400,Eve,35,60000,Female,HR,Clerk,2020-01-15,A,2020,1,Jan
401,Alice,25,60000,Other,Sales,Manager,2020-02-20,F,2020,2,Feb
402,Grace,30,70000,Other,Marketing,Assistant,2020-01-15,F,2020,1,Jan
403,Eve,50,60000,Other,HR,Assistant,2020-01-15,A,2020,1,Jan
404,Frank,25,55000,Male,HR,Manager,2020-01-15,D,2020,1,Jan
405,Grace,35,55000,Other,Marketing,Analyst,2018-04-05,A,2018,4,Apr
406,Charlie,40,50000,Other,Finance,Manager,2018-04-05,B,2018,4,Apr
407,Jack,25,55000,Other,HR,Clerk,2019-12-01,F,2019,2,Dec
409,Eve,25,60000,Other,Marketing,Manager,2019-03-25,F,2019,3,Mar
410,Frank,35,55000,Male,HR,Analyst,2019-03-25,F,2019,3,Mar
411,Ivy,40,70000,Female,Sales,Clerk,2019-03-25,C,2019,3,Mar
412,Eve,50,50000,Male,IT,Director,2020-01-15,B,2020,1,Jan
413,Alice,50,60000,Other,HR,Director,2018-04-05,B,2018,4,Apr
414,David,30,50000,Female,IT,Assistant,2020-02-20,C,2020,2,Feb
415,Eve,35,60000,Male,IT,Manager,2020-01-15,D,2020,1,Jan
416,Jack,30,70000,Other,Finance,Assistant,2018-04-05,B,2018,4,Apr
417,Jack,50,50000,Male,IT,Analyst,2018-04-05,A,2018,4,Apr
418,Eve,40,65000,Male,Finance,Director,2020-02-20,C,2020,2,Feb
421,Alice,40,60000,Other,Sales,Analyst,2020-01-15,B,2020,1,Jan
422,Eve,50,65000,Male,HR,Manager,2019-12-01,F,2019,2,Dec
423,Grace,25,50000,Female,Marketing,Analyst,2020-02-20,A,2020,2,Feb
424,Jack,25,65000,Female,Marketing,Manager,2019-12-01,C,2019,2,Dec
425,Jack,25,65000,Other,Sales,Manager,2020-01-15,F,2020,1,Jan
426,Frank,35,50000,Other,Finance,Clerk,2019-12-01,D,2019,2,Dec
427,Eve,35,70000,Other,HR,Assistant,2019-03-25,F,2019,3,Mar
428,David,35,65000,Other,Finance,Analyst,2019-12-01,F,2019,2,Dec
429,Bob,30,65000,Other,IT,Analyst,2020-02-20,D,2020,2,Feb
430,David,40,70000,Female,Finance,Clerk,2020-01-15,F,2020,1,Jan
431,Jack,40,65000,Other,Marketing,Clerk,2020-02-20,C,2020,2,Feb
432,Jack,40,65000,Male,HR,Clerk,2019-03-25,B,2019,3,Mar
433,Charlie,35,65000,Male,Finance,Director,2020-02-20,F,2020,2,Feb
435,Alice,50,55000,Male,HR,Director,2020-02-20,B,2020,2,Feb
436,Hannah,50,70000,Female,IT,Manager,2018-04-05,B,2018,4,Apr
437,Eve,35,65000,Female,IT,Analyst,2019-03-25,F,2019,3,Mar
439,Hannah,40,70000,Other,Sales,Manager,2020-02-20,F,2020,2,Feb
440,Grace,30,60000,Male,HR,Analyst,2020-02-20,D,2020,2,Feb
441,Bob,25,60000,Male,Sales,Analyst,2020-01-15,B,2020,1,Jan
442,Alice,35,65000,Female,Marketing,Clerk,2018-04-05,F,2018,4,Apr
445,Bob,35,70000,Other,Sales,Clerk,2020-02-20,A,2020,2,Feb
446,Charlie,40,70000,Other,Finance,Analyst,2019-03-25,F,2019,3,Mar
448,Alice,40,70000,Male,Finance,Director,2019-12-01,B,2019,2,Dec
450,Eve,40,55000,Other,IT,Analyst,2020-01-15,D,2020,1,Jan
452,Alice,30,60000,Female,IT,Assistant,2018-04-05,F,2018,4,Apr
453,Alice,35,70000,Other,HR,Clerk,2020-02-20,D,2020,2,Feb
456,Bob,30,70000,Other,IT,Assistant,2018-04-05,B,2018,4,Apr
457,Charlie,25,55000,Female,IT,Director,2019-03-25,C,2019,3,Mar
458,Bob,25,55000,Female,Finance,Assistant,2020-01-15,C,2020,1,Jan
459,Charlie,30,70000,Other,Marketing,Analyst,2020-01-15,A,2020,1,Jan
460,Grace,35,50000,Male,Finance,Analyst,2020-01-15,F,2020,1,Jan
461,Alice,50,70000,Other,Sales,Clerk,2019-03-25,B,2019,3,Mar
462,Jack,40,70000,Male,Finance,Clerk,2020-01-15,C,2020,1,Jan
463,Hannah,40,55000,Female,IT,Clerk,2018-04-05,D,2018,4,Apr
464,Jack,50,55000,Female,HR,Assistant,2019-03-25,C,2019,3,Mar
465,Jack,25,70000,Male,Finance,Assistant,2019-12-01,B,2019,2,Dec
466,Jack,25,70000,Female,Finance,Director,2019-03-25,C,2019,3,Mar
467,Bob,35,70000,Male,IT,Clerk,2018-04-05,A,2018,4,Apr
468,Charlie,35,55000,Male,HR,Manager,2019-12-01,C,2019,2,Dec
469,Ivy,30,70000,Female,HR,Director,2019-03-25,C,2019,3,Mar
470,Grace,25,70000,Male,Sales,Manager,2020-01-15,D,2020,1,Jan
471,David,40,65000,Other,Finance,Assistant,2020-02-20,A,2020,2,Feb
472,Jack,35,50000,Other,HR,Director,2020-02-20,A,2020,2,Feb
473,Eve,30,60000,Female,HR,Director,2020-01-15,C,2020,1,Jan
474,Bob,35,50000,Female,Marketing,Analyst,2020-02-20,D,2020,2,Feb
475,Hannah,30,65000,Male,Marketing,Assistant,2020-02-20,C,2020,2,Feb
476,David,30,60000,Male,HR,Assistant,2020-01-15,C,2020,1,Jan
477,Ivy,50,70000,Male,Sales,Director,2020-01-15,B,2020,1,Jan
478,Eve,25,65000,Male,HR,Assistant,2019-03-25,B,2019,3,Mar
479,Ivy,35,70000,Other,IT,Director,2019-03-25,D,2019,3,Mar
480,David,35,55000,Other,Finance,Analyst,2020-01-15,F,2020,1,Jan
482,Eve,40,65000,Male,IT,Assistant,2020-02-20,F,2020,2,Feb
483,Ivy,40,55000,Male,Sales,Assistant,2019-03-25,A,2019,3,Mar
484,Hannah,25,65000,Female,IT,Director,2020-02-20,B,2020,2,Feb
485,Charlie,25,65000,Male,Finance,Director,2019-12-01,B,2019,2,Dec
486,Alice,35,55000,Male,Finance,Director,2020-01-15,D,2020,1,Jan
487,Charlie,50,60000,Male,Marketing,Clerk,2018-04-05,F,2018,4,Apr
488,David,40,50000,Male,IT,Assistant,2019-12-01,B,2019,2,Dec
489,Bob,30,70000,Male,Marketing,Assistant,2019-12-01,B,2019,2,Dec
490,Alice,35,65000,Female,IT,Clerk,2019-12-01,D,2019,2,Dec
491,Grace,25,70000,Male,Marketing,Director,2020-01-15,D,2020,1,Jan
493,Grace,35,55000,Male,Sales,Director,2020-01-15,A,2020,1,Jan
494,Eve,35,70000,Other,Marketing,Director,2019-03-25,A,2019,3,Mar
495,Alice,40,55000,Other,IT,Clerk,2019-12-01,C,2019,2,Dec
496,Grace,25,70000,Other,IT,Assistant,2019-12-01,B,2019,2,Dec
497,Grace,35,50000,Other,Finance,Director,2018-04-05,F,2018,4,Apr
498,Ivy,25,50000,Female,IT,Assistant,2019-03-25,B,2019,3,Mar
499,Charlie,30,50000,Female,HR,Manager,2019-12-01,F,2019,2,Dec
500,Ivy,35,50000,Male,Sales,Assistant,2020-02-20,F,2020,2,Feb
501,Alice,30,50000,Other,Marketing,Analyst,2018-04-05,F,2018,4,Apr
502,Alice,25,50000,Female,Sales,Analyst,2020-01-15,B,2020,1,Jan
503,David,25,55000,Male,Finance,Director,2018-04-05,D,2018,4,Apr
504,Ivy,40,65000,Male,Marketing,Assistant,2020-02-20,B,2020,2,Feb
505,Frank,35,70000,Female,Marketing,Director,2019-03-25,F,2019,3,Mar
506,Charlie,35,50000,Other,HR,Clerk,2020-01-15,C,2020,1,Jan
507,Alice,30,55000,Male,Finance,Analyst,2020-01-15,A,2020,1,Jan
508,David,35,55000,Other,IT,Director,2019-03-25,F,2019,3,Mar
509,Ivy,50,55000,Other,HR,Clerk,2018-04-05,C,2018,4,Apr
510,Charlie,35,65000,Other,HR,Director,2019-12-01,D,2019,2,Dec
511,Ivy,40,70000,Male,Sales,Assistant,2018-04-05,F,2018,4,Apr
512,Grace,30,65000,Other,Sales,Assistant,2020-02-20,C,2020,2,Feb
513,David,30,60000,Male,Sales,Assistant,2019-12-01,F,2019,2,Dec
514,Charlie,50,55000,Other,HR,Assistant,2018-04-05,B,2018,4,Apr
515,Jack,40,60000,Male,IT,Manager,2019-03-25,C,2019,3,Mar
517,Eve,40,50000,Female,Sales,Clerk,2020-02-20,B,2020,2,Feb
518,Charlie,35,50000,Other,IT,Assistant,2020-02-20,C,2020,2,Feb
519,Ivy,40,65000,Other,Finance,Manager,2019-12-01,A,2019,2,Dec
520,David,40,70000,Male,Sales,Assistant,2020-01-15,C,2020,1,Jan
521,Eve,25,60000,Male,Marketing,Manager,2019-12-01,A,2019,2,Dec
522,David,30,70000,Other,Finance,Assistant,2018-04-05,F,2018,4,Apr
523,Eve,40,65000,Female,Finance,Analyst,2020-01-15,F,2020,1,Jan
524,Grace,50,50000,Female,Marketing,Analyst,2018-04-05,C,2018,4,Apr
525,Ivy,40,70000,Male,Sales,Director,2020-01-15,F,2020,1,Jan
526,Grace,35,70000,Female,HR,Assistant,2019-12-01,D,2019,2,Dec
527,Eve,30,50000,Other,Marketing,Clerk,2020-02-20,B,2020,2,Feb
528,Jack,35,60000,Male,Marketing,Director,2019-03-25,B,2019,3,Mar
529,Jack,30,50000,Other,Marketing,Analyst,2020-02-20,A,2020,2,Feb
530,Grace,35,70000,Male,Finance,Assistant,2019-12-01,F,2019,2,Dec
531,Jack,40,60000,Male,IT,Director,2020-01-15,A,2020,1,Jan
532,Eve,40,60000,Male,HR,Assistant,2020-02-20,B,2020,2,Feb
533,Charlie,25,50000,Male,Sales,Analyst,2019-12-01,B,2019,2,Dec
534,Grace,50,70000,Female,Sales,Director,2018-04-05,F,2018,4,Apr
535,Bob,35,65000,Other,IT,Analyst,2019-03-25,D,2019,3,Mar
536,Ivy,35,70000,Other,Marketing,Manager,2020-02-20,D,2020,2,Feb
537,Jack,25,55000,Other,HR,Analyst,2020-01-15,F,2020,1,Jan
539,Alice,35,65000,Female,Sales,Clerk,2019-12-01,A,2019,2,Dec
540,Frank,25,60000,Other,Marketing,Analyst,2019-03-25,F,2019,3,Mar
541,Grace,40,65000,Female,IT,Clerk,2020-01-15,D,2020,1,Jan
542,Hannah,35,60000,Male,HR,Manager,2019-12-01,F,2019,2,Dec
543,Jack,40,60000,Other,IT,Director,2019-12-01,A,2019,2,Dec
544,Ivy,25,65000,Female,IT,Director,2020-02-20,A,2020,2,Feb
545,Bob,40,60000,Male,HR,Clerk,2020-02-20,A,2020,2,Feb
546,Jack,30,60000,Female,HR,Director,2020-01-15,A,2020,1,Jan
547,Bob,35,55000,Other,Sales,Analyst,2019-12-01,C,2019,2,Dec
548,Eve,35,70000,Other,Sales,Clerk,2020-02-20,F,2020,2,Feb
549,Eve,50,70000,Male,HR,Assistant,2019-03-25,B,2019,3,Mar
552,Hannah,35,55000,Female,Finance,Analyst,2020-02-20,A,2020,2,Feb
554,Frank,30,65000,Female,Sales,Manager,2020-01-15,D,2020,1,Jan
555,David,25,50000,Male,IT,Director,2020-01-15,D,2020,1,Jan
556,Alice,35,50000,Other,HR,Clerk,2019-03-25,F,2019,3,Mar
557,Grace,30,50000,Other,Marketing,Manager,2020-02-20,F,2020,2,Feb
558,Ivy,30,55000,Female,Finance,Clerk,2020-02-20,B,2020,2,Feb
559,David,35,55000,Female,HR,Director,2019-03-25,B,2019,3,Mar
560,David,40,60000,Other,HR,Assistant,2020-01-15,D,2020,1,Jan
561,Frank,50,50000,Other,Sales,Analyst,2020-01-15,A,2020,1,Jan
562,Charlie,30,65000,Female,Sales,Analyst,2019-12-01,C,2019,2,Dec
564,Grace,30,65000,Other,Marketing,Manager,2020-02-20,B,2020,2,Feb
566,Jack,40,50000,Female,HR,Clerk,2020-02-20,A,2020,2,Feb
567,Charlie,40,50000,Other,Sales,Assistant,2018-04-05,F,2018,4,Apr
568,Grace,35,50000,Other,IT,Manager,2019-12-01,C,2019,2,Dec
569,Charlie,30,55000,Other,Sales,Assistant,2018-04-05,A,2018,4,Apr
571,Jack,50,55000,Male,IT,Analyst,2020-01-15,B,2020,1,Jan
572,David,35,55000,Other,HR,Analyst,2020-02-20,D,2020,2,Feb
573,Hannah,25,70000,Female,HR,Analyst,2019-03-25,A,2019,3,Mar
574,Ivy,25,65000,Male,Finance,Assistant,2020-02-20,F,2020,2,Feb
575,Grace,25,65000,Other,IT,Assistant,2019-03-25,C,2019,3,Mar
576,Alice,30,60000,Male,Finance,Clerk,2018-04-05,F,2018,4,Apr
577,Charlie,35,55000,Female,IT,Analyst,2020-01-15,B,2020,1,Jan
579,Alice,35,70000,Female,Marketing,Analyst,2018-04-05,B,2018,4,Apr
580,Ivy,50,70000,Other,Finance,Clerk,2020-01-15,B,2020,1,Jan
581,Hannah,35,65000,Other,Marketing,Clerk,2019-03-25,B,2019,3,Mar
582,Alice,50,55000,Other,IT,Director,2020-02-20,B,2020,2,Feb
583,Frank,30,60000,Other,HR,Clerk,2020-02-20,B,2020,2,Feb
584,Eve,25,55000,Other,IT,Assistant,2020-02-20,D,2020,2,Feb
585,Frank,30,50000,Male,Marketing,Clerk,2018-04-05,F,2018,4,Apr
586,Jack,35,55000,Other,Finance,Analyst,2020-02-20,D,2020,2,Feb
587,Eve,35,50000,Other,Finance,Clerk,2019-12-01,D,2019,2,Dec
588,Frank,50,50000,Male,Marketing,Manager,2020-01-15,A,2020,1,Jan
589,Eve,40,60000,Male,Finance,Analyst,2018-04-05,A,2018,4,Apr
591,David,50,65000,Male,HR,Analyst,2020-01-15,C,2020,1,Jan
592,Charlie,35,55000,Male,HR,Assistant,2019-03-25,A,2019,3,Mar
593,Charlie,35,50000,Male,HR,Assistant,2020-02-20,F,2020,2,Feb
594,David,35,55000,Other,Finance,Assistant,2020-01-15,D,2020,1,Jan
596,Bob,35,65000,Female,IT,Director,2019-03-25,A,2019,3,Mar
598,Alice,25,65000,Other,HR,Assistant,2020-01-15,C,2020,1,Jan
599,Alice,35,70000,Male,Sales,Analyst,2019-12-01,D,2019,2,Dec
600,Eve,50,65000,Male,IT,Manager,2020-01-15,F,2020,1,Jan
601,Frank,25,60000,Other,IT,Director,2020-01-15,B,2020,1,Jan
603,Charlie,50,50000,Male,Sales,Analyst,2020-01-15,A,2020,1,Jan
604,Grace,25,70000,Other,HR,Director,2020-02-20,B,2020,2,Feb
605,Ivy,50,60000,Other,IT,Director,2020-01-15,C,2020,1,Jan
606,Jack,30,55000,Female,Sales,Manager,2018-04-05,D,2018,4,Apr
608,Frank,30,50000,Male,HR,Analyst,2018-04-05,C,2018,4,Apr
609,Hannah,30,65000,Female,Sales,Clerk,2020-01-15,A,2020,1,Jan
610,Eve,50,50000,Other,Sales,Clerk,2020-01-15,C,2020,1,Jan
611,Hannah,40,55000,Other,Sales,Manager,2019-12-01,A,2019,2,Dec
612,Jack,35,70000,Female,IT,Analyst,2020-02-20,B,2020,2,Feb
613,David,35,70000,Female,HR,Analyst,2020-02-20,C,2020,2,Feb
615,Hannah,35,70000,Female,Sales,Analyst,2019-12-01,B,2019,2,Dec
619,Ivy,40,65000,Other,IT,Analyst,2020-02-20,F,2020,2,Feb
620,David,35,60000,Female,HR,Manager,2019-12-01,C,2019,2,Dec
623,Ivy,35,60000,Other,HR,Analyst,2020-02-20,C,2020,2,Feb
624,Alice,35,50000,Other,HR,Assistant,2018-04-05,B,2018,4,Apr
626,David,30,65000,Female,HR,Analyst,2019-12-01,A,2019,2,Dec
627,Charlie,30,70000,Female,Finance,Manager,2020-02-20,B,2020,2,Feb
628,Frank,50,70000,Male,Sales,Clerk,2020-01-15,B,2020,1,Jan
629,Bob,30,55000,Other,Finance,Assistant,2020-01-15,C,2020,1,Jan
630,Charlie,40,55000,Female,Sales,Assistant,2020-01-15,C,2020,1,Jan
631,Eve,35,70000,Other,Sales,Clerk,2019-12-01,D,2019,2,Dec
632,Ivy,25,70000,Other,Finance,Analyst,2018-04-05,A,2018,4,Apr
633,Bob,35,65000,Male,IT,Manager,2020-02-20,B,2020,2,Feb
634,Jack,40,60000,Male,Marketing,Analyst,2019-03-25,A,2019,3,Mar
635,Hannah,25,55000,Male,HR,Director,2018-04-05,F,2018,4,Apr
636,Bob,40,60000,Male,Marketing,Assistant,2019-03-25,B,2019,3,Mar
637,Eve,40,65000,Other,HR,Director,2018-04-05,A,2018,4,Apr
638,Grace,35,70000,Male,HR,Assistant,2020-01-15,D,2020,1,Jan
640,Alice,30,60000,Male,HR,Director,2019-03-25,B,2019,3,Mar
641,Frank,50,70000,Male,HR,Director,2018-04-05,F,2018,4,Apr
642,Alice,35,70000,Other,Finance,Analyst,2019-12-01,D,2019,2,Dec
643,Bob,50,50000,Male,Marketing,Director,2019-03-25,D,2019,3,Mar
644,Alice,35,60000,Other,Finance,Analyst,2020-02-20,F,2020,2,Feb
646,Jack,35,60000,Other,Sales,Analyst,2020-02-20,D,2020,2,Feb
647,Ivy,25,70000,Other,Finance,Assistant,2020-01-15,C,2020,1,Jan
649,Alice,35,65000,Female,IT,Director,2020-02-20,A,2020,2,Feb
650,Alice,35,50000,Female,HR,Assistant,2018-04-05,A,2018,4,Apr
651,Bob,40,70000,Female,Sales,Director,2020-01-15,B,2020,1,Jan
652,Ivy,40,55000,Female,Finance,Assistant,2020-02-20,C,2020,2,Feb
653,Charlie,40,55000,Other,Finance,Manager,2019-12-01,A,2019,2,Dec
654,Alice,35,50000,Female,Sales,Manager,2019-03-25,F,2019,3,Mar
655,Eve,35,65000,Other,HR,Director,2020-02-20,C,2020,2,Feb
656,Grace,50,70000,Other,IT,Assistant,2020-01-15,C,2020,1,Jan
657,Frank,35,60000,Other,Finance,Assistant,2020-02-20,F,2020,2,Feb
658,Alice,25,50000,Female,IT,Analyst,2019-03-25,D,2019,3,Mar
659,Eve,40,65000,Male,Marketing,Clerk,2020-01-15,F,2020,1,Jan
660,Eve,35,60000,Male,HR,Director,2018-04-05,F,2018,4,Apr
661,Frank,35,55000,Female,Marketing,Clerk,2020-01-15,D,2020,1,Jan
662,Charlie,25,55000,Male,Marketing,Clerk,2018-04-05,D,2018,4,Apr
663,Eve,30,60000,Male,Marketing,Director,2020-01-15,D,2020,1,Jan
664,Grace,35,50000,Other,HR,Assistant,2019-03-25,D,2019,3,Mar
665,Eve,50,55000,Other,HR,Director,2019-03-25,D,2019,3,Mar
666,Eve,30,70000,Female,Sales,Clerk,2020-01-15,F,2020,1,Jan
668,Jack,35,60000,Male,IT,Manager,2019-03-25,B,2019,3,Mar
669,Jack,25,60000,Other,Sales,Director,2018-04-05,A,2018,4,Apr
670,Charlie,25,55000,Female,Sales,Director,2018-04-05,B,2018,4,Apr
671,Alice,35,50000,Female,Marketing,Assistant,2019-12-01,B,2019,2,Dec
672,Eve,30,70000,Female,Sales,Manager,2018-04-05,F,2018,4,Apr
673,Ivy,35,50000,Female,Finance,Manager,2019-12-01,D,2019,2,Dec
674,Alice,35,65000,Female,IT,Assistant,2020-01-15,D,2020,1,Jan
675,Charlie,35,65000,Female,Sales,Analyst,2020-01-15,F,2020,1,Jan
677,Alice,25,55000,Other,Finance,Director,2020-02-20,F,2020,2,Feb
678,Alice,25,55000,Other,Finance,Clerk,2020-02-20,A,2020,2,Feb
679,Hannah,40,55000,Female,Finance,Assistant,2019-12-01,D,2019,2,Dec
681,Hannah,35,65000,Other,Finance,Clerk,2018-04-05,A,2018,4,Apr
682,Grace,50,50000,Other,Marketing,Manager,2020-01-15,A,2020,1,Jan
685,Bob,35,50000,Other,IT,Manager,2020-02-20,D,2020,2,Feb
686,Frank,40,55000,Other,Finance,Assistant,2020-01-15,C,2020,1,Jan
687,Frank,35,70000,Female,Finance,Clerk,2020-02-20,A,2020,2,Feb
688,Charlie,40,50000,Male,Finance,Director,2020-01-15,C,2020,1,Jan
689,Bob,35,65000,Other,IT,Clerk,2019-12-01,B,2019,2,Dec
690,Alice,30,60000,Male,HR,Assistant,2018-04-05,B,2018,4,Apr
691,Frank,35,60000,Other,HR,Clerk,2019-03-25,C,2019,3,Mar
693,Ivy,50,60000,Male,Marketing,Manager,2018-04-05,B,2018,4,Apr
694,Alice,25,70000,Male,IT,Director,2019-12-01,C,2019,2,Dec
695,Grace,50,55000,Female,Sales,Manager,2020-02-20,A,2020,2,Feb
696,Eve,50,65000,Male,HR,Analyst,2019-03-25,C,2019,3,Mar
697,Eve,25,70000,Male,Marketing,Director,2020-02-20,C,2020,2,Feb
698,Bob,50,65000,Male,HR,Director,2018-04-05,F,2018,4,Apr
699,Charlie,35,65000,Other,IT,Assistant,2020-01-15,B,2020,1,Jan
700,Grace,35,55000,Male,IT,Clerk,2018-04-05,D,2018,4,Apr
702,Bob,25,60000,Male,Sales,Manager,2018-04-05,F,2018,4,Apr
703,Frank,50,55000,Male,IT,Assistant,2020-01-15,D,2020,1,Jan
704,Bob,25,70000,Female,Marketing,Assistant,2019-12-01,C,2019,2,Dec
706,Bob,50,70000,Male,Finance,Clerk,2018-04-05,A,2018,4,Apr
708,Bob,40,70000,Other,Finance,Analyst,2019-12-01,B,2019,2,Dec
709,David,40,55000,Female,Marketing,Clerk,2018-04-05,B,2018,4,Apr
712,Alice,40,65000,Female,Marketing,Manager,2020-02-20,F,2020,2,Feb
713,Hannah,25,65000,Female,HR,Analyst,2020-01-15,F,2020,1,Jan
714,Grace,40,50000,Female,Marketing,Director,2019-12-01,B,2019,2,Dec
715,Jack,30,70000,Female,Sales,Manager,2020-01-15,A,2020,1,Jan
716,Charlie,50,65000,Female,IT,Manager,2018-04-05,A,2018,4,Apr
717,Alice,30,50000,Male,HR,Analyst,2020-02-20,A,2020,2,Feb
718,Eve,50,65000,Other,Finance,Director,2018-04-05,D,2018,4,Apr
719,David,50,70000,Female,Sales,Assistant,2018-04-05,D,2018,4,Apr
721,Hannah,40,60000,Other,Marketing,Clerk,2019-03-25,A,2019,3,Mar
722,Alice,25,70000,Male,IT,Manager,2018-04-05,A,2018,4,Apr
723,Jack,25,55000,Other,Sales,Clerk,2020-02-20,F,2020,2,Feb
724,Alice,35,65000,Other,Sales,Assistant,2018-04-05,F,2018,4,Apr
725,David,50,65000,Female,IT,Clerk,2019-03-25,B,2019,3,Mar
727,Eve,35,55000,Other,IT,Clerk,2018-04-05,B,2018,4,Apr
729,Frank,35,55000,Female,Sales,Assistant,2019-12-01,F,2019,2,Dec
730,Eve,25,60000,Female,Finance,Assistant,2018-04-05,D,2018,4,Apr
731,Bob,25,65000,Female,Finance,Director,2020-02-20,B,2020,2,Feb
732,Charlie,35,65000,Other,HR,Assistant,2018-04-05,B,2018,4,Apr
733,Ivy,25,60000,Other,Sales,Manager,2018-04-05,A,2018,4,Apr
734,Grace,50,50000,Male,Finance,Assistant,2019-03-25,A,2019,3,Mar
736,Frank,50,60000,Other,Marketing,Clerk,2019-03-25,C,2019,3,Mar
738,David,35,70000,Other,Marketing,Director,2018-04-05,C,2018,4,Apr
739,Hannah,25,65000,Male,Finance,Clerk,2019-03-25,B,2019,3,Mar
741,Hannah,30,55000,Male,IT,Director,2019-03-25,F,2019,3,Mar
743,Charlie,25,70000,Female,IT,Manager,2019-03-25,B,2019,3,Mar
744,Charlie,30,65000,Female,Marketing,Assistant,2019-12-01,B,2019,2,Dec
745,Bob,25,60000,Female,Finance,Assistant,2019-03-25,D,2019,3,Mar
746,Jack,25,70000,Male,IT,Director,2019-03-25,B,2019,3,Mar
747,Charlie,25,65000,Other,IT,Director,2020-02-20,A,2020,2,Feb
749,Eve,50,50000,Male,HR,Clerk,2019-12-01,F,2019,2,Dec
750,Eve,25,50000,Female,Finance,Assistant,2019-12-01,D,2019,2,Dec
751,Bob,40,55000,Male,Finance,Analyst,2020-01-15,A,2020,1,Jan
752,Jack,35,65000,Male,Sales,Analyst,2019-03-25,D,2019,3,Mar
753,Frank,30,50000,Male,HR,Clerk,2019-12-01,D,2019,2,Dec
754,Eve,50,60000,Other,Sales,Analyst,2020-01-15,F,2020,1,Jan
755,Frank,30,65000,Male,Marketing,Clerk,2020-02-20,D,2020,2,Feb
756,Alice,50,60000,Male,Sales,Director,2019-12-01,B,2019,2,Dec
757,Eve,30,60000,Other,IT,Assistant,2019-12-01,D,2019,2,Dec
758,Ivy,50,50000,Other,Sales,Manager,2020-01-15,F,2020,1,Jan
759,Jack,30,65000,Male,Finance,Assistant,2019-03-25,F,2019,3,Mar
761,Alice,30,70000,Female,IT,Clerk,2019-12-01,A,2019,2,Dec
762,Jack,30,50000,Female,Sales,Assistant,2019-03-25,B,2019,3,Mar
763,Ivy,35,50000,Other,Marketing,Clerk,2020-02-20,A,2020,2,Feb
765,Ivy,35,65000,Male,IT,Analyst,2018-04-05,B,2018,4,Apr
766,Ivy,40,65000,Other,Sales,Clerk,2020-02-20,D,2020,2,Feb
767,Frank,35,60000,Male,Marketing,Clerk,2020-01-15,F,2020,1,Jan
770,Jack,25,65000,Male,Marketing,Clerk,2020-01-15,A,2020,1,Jan
771,David,50,60000,Male,HR,Assistant,2020-01-15,F,2020,1,Jan
772,Alice,25,50000,Female,Sales,Manager,2019-03-25,A,2019,3,Mar
773,Hannah,25,55000,Other,Sales,Analyst,2019-03-25,B,2019,3,Mar
774,Alice,30,70000,Female,Sales,Assistant,2020-01-15,B,2020,1,Jan
775,Charlie,35,50000,Male,Finance,Manager,2018-04-05,C,2018,4,Apr
776,David,30,65000,Male,Sales,Clerk,2018-04-05,D,2018,4,Apr
777,Hannah,35,70000,Other,Marketing,Clerk,2020-02-20,A,2020,2,Feb
778,Frank,50,55000,Male,IT,Assistant,2019-12-01,C,2019,2,Dec
779,Jack,35,55000,Other,HR,Clerk,2020-02-20,F,2020,2,Feb
780,Grace,50,60000,Female,Finance,Director,2020-02-20,D,2020,2,Feb
781,Hannah,35,70000,Other,Sales,Assistant,2019-12-01,C,2019,2,Dec
782,Bob,35,60000,Other,Sales,Manager,2020-01-15,A,2020,1,Jan
783,Jack,35,50000,Male,IT,Assistant,2018-04-05,B,2018,4,Apr
787,Charlie,50,70000,Male,Sales,Clerk,2020-02-20,D,2020,2,Feb
789,Bob,35,50000,Other,Marketing,Director,2020-01-15,B,2020,1,Jan
790,Jack,25,60000,Male,Marketing,Director,2020-02-20,F,2020,2,Feb
791,Frank,35,70000,Other,Finance,Manager,2020-02-20,F,2020,2,Feb
792,Charlie,30,60000,Male,Sales,Director,2019-12-01,B,2019,2,Dec
793,Charlie,50,70000,Female,Finance,Manager,2019-03-25,B,2019,3,Mar
794,Ivy,35,60000,Male,Sales,Director,2019-03-25,D,2019,3,Mar
795,Grace,30,55000,Male,IT,Manager,2020-01-15,B,2020,1,Jan
796,Eve,50,60000,Other,Finance,Assistant,2018-04-05,C,2018,4,Apr
798,Grace,35,55000,Male,Finance,Clerk,2020-02-20,B,2020,2,Feb
799,Ivy,40,60000,Female,Finance,Manager,2020-02-20,F,2020,2,Feb
800,Alice,25,70000,Male,Sales,Analyst,2019-03-25,C,2019,3,Mar
801,Grace,40,70000,Male,Sales,Clerk,2018-04-05,F,2018,4,Apr
802,Frank,35,70000,Female,HR,Assistant,2019-12-01,C,2019,2,Dec
803,Jack,30,65000,Other,Finance,Manager,2018-04-05,B,2018,4,Apr
804,Ivy,35,50000,Male,Marketing,Director,2020-02-20,A,2020,2,Feb
805,Alice,50,70000,Other,Finance,Analyst,2019-12-01,F,2019,2,Dec
806,David,35,55000,Other,Finance,Assistant,2018-04-05,C,2018,4,Apr
807,Ivy,40,70000,Female,Sales,Clerk,2018-04-05,D,2018,4,Apr
808,David,40,65000,Female,Finance,Manager,2019-12-01,B,2019,2,Dec
810,Charlie,35,55000,Male,Marketing,Manager,2018-04-05,B,2018,4,Apr
811,Ivy,35,65000,Other,Sales,Director,2019-12-01,D,2019,2,Dec
813,David,50,55000,Male,IT,Manager,2019-12-01,D,2019,2,Dec
814,Frank,30,60000,Female,HR,Assistant,2019-12-01,B,2019,2,Dec
815,Bob,35,50000,Male,Marketing,Clerk,2018-04-05,C,2018,4,Apr
816,Hannah,50,50000,Male,Finance,Assistant,2020-02-20,B,2020,2,Feb
817,Hannah,40,65000,Other,IT,Manager,2018-04-05,B,2018,4,Apr
819,Charlie,35,50000,Male,Finance,Assistant,2020-01-15,F,2020,1,Jan
822,Eve,30,65000,Other,Sales,Manager,2018-04-05,D,2018,4,Apr
823,Frank,35,65000,Female,IT,Clerk,2018-04-05,F,2018,4,Apr
824,David,35,65000,Female,Finance,Analyst,2020-02-20,C,2020,2,Feb
825,Jack,40,50000,Male,HR,Clerk,2020-02-20,B,2020,2,Feb
826,Bob,40,65000,Male,Marketing,Director,2020-01-15,C,2020,1,Jan
827,Hannah,50,50000,Other,Sales,Assistant,2019-03-25,F,2019,3,Mar
828,Frank,25,65000,Male,Sales,Analyst,2020-02-20,D,2020,2,Feb
829,Eve,35,70000,Male,Finance,Manager,2019-03-25,B,2019,3,Mar
831,Alice,50,65000,Male,IT,Manager,2019-12-01,A,2019,2,Dec
832,Eve,40,55000,Other,IT,Analyst,2019-12-01,C,2019,2,Dec
835,Frank,35,65000,Female,HR,Analyst,2019-03-25,C,2019,3,Mar
836,Frank,40,60000,Male,Marketing,Analyst,2020-02-20,F,2020,2,Feb
837,Grace,35,65000,Female,Finance,Manager,2018-04-05,C,2018,4,Apr
839,Hannah,35,55000,Male,IT,Analyst,2018-04-05,C,2018,4,Apr
841,Ivy,35,55000,Other,Sales,Assistant,2020-02-20,C,2020,2,Feb
842,Grace,35,50000,Other,Finance,Manager,2019-03-25,C,2019,3,Mar
843,Charlie,30,70000,Male,Sales,Manager,2020-02-20,B,2020,2,Feb
845,Hannah,35,65000,Male,Sales,Director,2018-04-05,F,2018,4,Apr
846,Eve,25,50000,Female,Marketing,Assistant,2020-02-20,D,2020,2,Feb
847,David,35,70000,Female,IT,Analyst,2020-02-20,A,2020,2,Feb
848,Hannah,30,65000,Female,Marketing,Assistant,2020-02-20,A,2020,2,Feb
849,Frank,40,60000,Male,HR,Manager,2020-01-15,C,2020,1,Jan
850,Bob,30,65000,Other,IT,Assistant,2019-03-25,F,2019,3,Mar
851,David,35,55000,Male,Marketing,Clerk,2020-02-20,C,2020,2,Feb
852,David,30,55000,Female,HR,Analyst,2020-01-15,A,2020,1,Jan
853,Frank,30,60000,Female,Finance,Assistant,2018-04-05,B,2018,4,Apr
854,Frank,35,50000,Male,Finance,Manager,2019-12-01,D,2019,2,Dec
855,Alice,50,70000,Male,Sales,Analyst,2020-01-15,F,2020,1,Jan
856,Hannah,30,65000,Female,IT,Manager,2019-12-01,B,2019,2,Dec
857,Frank,35,55000,Female,Finance,Director,2020-02-20,D,2020,2,Feb
858,Charlie,35,50000,Female,IT,Clerk,2020-02-20,F,2020,2,Feb
859,Ivy,30,60000,Male,Finance,Director,2020-01-15,F,2020,1,Jan
861,Hannah,40,55000,Female,Marketing,Assistant,2020-02-20,B,2020,2,Feb
862,Jack,35,60000,Other,Sales,Analyst,2018-04-05,F,2018,4,Apr
863,Charlie,35,65000,Male,HR,Assistant,2019-03-25,F,2019,3,Mar
864,Eve,40,70000,Other,Finance,Clerk,2019-03-25,D,2019,3,Mar
865,Frank,30,55000,Other,HR,Clerk,2020-02-20,A,2020,2,Feb
866,Jack,40,55000,Female,HR,Clerk,2019-12-01,C,2019,2,Dec
867,Frank,25,65000,Male,IT,Manager,2020-02-20,A,2020,2,Feb
869,Charlie,30,50000,Male,HR,Assistant,2018-04-05,B,2018,4,Apr
870,David,35,70000,Other,Marketing,Assistant,2019-12-01,B,2019,2,Dec
871,Alice,50,55000,Male,HR,Director,2020-02-20,F,2020,2,Feb
872,David,30,70000,Female,Marketing,Clerk,2018-04-05,B,2018,4,Apr
873,Alice,35,55000,Female,IT,Clerk,2020-01-15,F,2020,1,Jan
874,Alice,50,70000,Female,HR,Clerk,2019-03-25,A,2019,3,Mar
875,Jack,50,60000,Male,Sales,Assistant,2020-02-20,B,2020,2,Feb
876,Frank,30,55000,Other,IT,Director,2020-02-20,A,2020,2,Feb
877,Eve,40,70000,Other,Marketing,Manager,2020-02-20,A,2020,2,Feb
878,David,40,50000,Male,IT,Analyst,2018-04-05,B,2018,4,Apr
879,Charlie,50,60000,Female,HR,Manager,2020-01-15,A,2020,1,Jan
880,Alice,40,60000,Other,Finance,Assistant,2019-12-01,B,2019,2,Dec
881,Frank,25,50000,Female,Finance,Clerk,2020-01-15,B,2020,1,Jan
882,Bob,50,70000,Male,Marketing,Analyst,2018-04-05,B,2018,4,Apr
883,Hannah,50,65000,Female,Marketing,Assistant,2020-02-20,C,2020,2,Feb
884,Jack,35,50000,Other,Finance,Assistant,2019-03-25,A,2019,3,Mar
885,Eve,40,70000,Other,Marketing,Assistant,2020-02-20,D,2020,2,Feb
886,Grace,50,50000,Female,IT,Analyst,2019-12-01,B,2019,2,Dec
887,Jack,25,50000,Male,Sales,Analyst,2019-03-25,A,2019,3,Mar
888,Bob,35,55000,Female,Sales,Director,2020-02-20,F,2020,2,Feb
889,Hannah,30,70000,Male,IT,Director,2019-03-25,B,2019,3,Mar
890,Bob,50,65000,Female,Sales,Manager,2020-01-15,B,2020,1,Jan
891,David,25,55000,Other,HR,Analyst,2018-04-05,D,2018,4,Apr
892,Alice,35,50000,Male,IT,Analyst,2020-02-20,C,2020,2,Feb
894,Ivy,25,50000,Male,IT,Director,2020-01-15,B,2020,1,Jan
895,Alice,35,50000,Other,Finance,Assistant,2020-02-20,A,2020,2,Feb
896,Ivy,30,70000,Female,Marketing,Clerk,2020-01-15,F,2020,1,Jan
897,Hannah,35,70000,Other,Finance,Director,2019-12-01,F,2019,2,Dec
898,Frank,40,55000,Male,Marketing,Analyst,2020-02-20,A,2020,2,Feb
899,Grace,40,65000,Female,Sales,Director,2019-12-01,B,2019,2,Dec
900,Charlie,25,55000,Other,IT,Manager,2019-03-25,F,2019,3,Mar
901,Alice,35,60000,Male,HR,Analyst,2019-12-01,C,2019,2,Dec
902,Eve,35,50000,Male,Marketing,Manager,2019-03-25,A,2019,3,Mar
904,Eve,35,50000,Other,Finance,Director,2019-03-25,B,2019,3,Mar
905,Hannah,30,50000,Other,Sales,Assistant,2020-02-20,A,2020,2,Feb
906,Ivy,35,55000,Male,Finance,Clerk,2020-02-20,F,2020,2,Feb
910,Alice,40,55000,Male,Finance,Director,2018-04-05,B,2018,4,Apr
911,Hannah,30,50000,Male,Finance,Manager,2018-04-05,C,2018,4,Apr
912,Frank,35,55000,Female,Marketing,Clerk,2020-02-20,C,2020,2,Feb
913,Hannah,50,70000,Other,Sales,Director,2019-12-01,B,2019,2,Dec
914,Ivy,25,70000,Other,IT,Analyst,2019-12-01,C,2019,2,Dec
915,Eve,25,55000,Male,HR,Assistant,2018-04-05,A,2018,4,Apr
917,Eve,35,50000,Male,Sales,Assistant,2019-12-01,C,2019,2,Dec
918,Eve,35,55000,Female,Marketing,Analyst,2020-02-20,B,2020,2,Feb
919,Eve,35,55000,Female,Marketing,Clerk,2020-02-20,A,2020,2,Feb
920,Charlie,25,55000,Male,Sales,Clerk,2018-04-05,D,2018,4,Apr
921,Jack,25,60000,Other,Marketing,Analyst,2018-04-05,D,2018,4,Apr
922,David,50,70000,Other,HR,Assistant,2020-01-15,F,2020,1,Jan
924,Jack,35,65000,Female,IT,Analyst,2019-12-01,C,2019,2,Dec
926,Bob,35,65000,Other,Finance,Assistant,2019-03-25,D,2019,3,Mar
927,Hannah,40,60000,Male,Finance,Clerk,2020-02-20,F,2020,2,Feb
928,Hannah,40,55000,Female,IT,Analyst,2018-04-05,A,2018,4,Apr
929,Grace,35,60000,Other,IT,Clerk,2019-12-01,C,2019,2,Dec
930,Hannah,40,60000,Other,Marketing,Assistant,2020-01-15,D,2020,1,Jan
931,Charlie,25,50000,Female,IT,Clerk,2019-12-01,F,2019,2,Dec
932,Frank,25,70000,Male,IT,Analyst,2020-02-20,B,2020,2,Feb
933,Alice,35,65000,Male,Finance,Assistant,2020-02-20,D,2020,2,Feb
934,Grace,35,55000,Other,Marketing,Manager,2018-04-05,F,2018,4,Apr
935,Alice,50,65000,Female,IT,Analyst,2019-03-25,A,2019,3,Mar
937,Alice,35,65000,Female,Marketing,Analyst,2019-12-01,F,2019,2,Dec
939,Grace,35,70000,Female,Marketing,Analyst,2018-04-05,C,2018,4,Apr
941,Eve,50,65000,Female,Sales,Manager,2018-04-05,C,2018,4,Apr
942,Hannah,30,65000,Other,HR,Director,2020-02-20,B,2020,2,Feb
944,Charlie,40,60000,Other,Finance,Assistant,2019-12-01,C,2019,2,Dec
945,Grace,35,70000,Other,Sales,Assistant,2019-12-01,D,2019,2,Dec
946,Charlie,30,50000,Male,Marketing,Clerk,2019-12-01,B,2019,2,Dec
947,Frank,40,55000,Male,IT,Manager,2019-12-01,A,2019,2,Dec
948,Frank,25,65000,Other,Marketing,Manager,2019-12-01,C,2019,2,Dec
949,Charlie,35,55000,Other,HR,Analyst,2020-01-15,B,2020,1,Jan
950,Grace,50,50000,Other,Marketing,Director,2019-03-25,A,2019,3,Mar
951,Charlie,40,55000,Other,Sales,Director,2019-12-01,C,2019,2,Dec
952,Hannah,40,50000,Male,Sales,Director,2019-03-25,B,2019,3,Mar
954,David,40,60000,Other,Sales,Director,2018-04-05,C,2018,4,Apr
955,Alice,25,65000,Female,IT,Clerk,2019-12-01,B,2019,2,Dec
956,David,25,50000,Female,Marketing,Analyst,2020-02-20,F,2020,2,Feb
957,Grace,35,55000,Male,IT,Clerk,2020-01-15,C,2020,1,Jan
958,David,50,65000,Other,IT,Analyst,2018-04-05,B,2018,4,Apr
959,Frank,35,60000,Other,Finance,Director,2018-04-05,A,2018,4,Apr
961,Alice,35,65000,Female,Sales,Clerk,2019-12-01,F,2019,2,Dec
962,Eve,40,50000,Female,IT,Clerk,2020-01-15,C,2020,1,Jan
963,Grace,30,60000,Female,Finance,Analyst,2018-04-05,B,2018,4,Apr
964,Alice,35,55000,Male,Marketing,Assistant,2020-01-15,B,2020,1,Jan
965,David,35,60000,Female,Marketing,Director,2018-04-05,A,2018,4,Apr
966,Frank,50,60000,Male,HR,Clerk,2019-12-01,F,2019,2,Dec
967,Bob,30,70000,Male,HR,Assistant,2018-04-05,A,2018,4,Apr
968,Jack,25,60000,Other,IT,Director,2018-04-05,A,2018,4,Apr
969,Eve,30,60000,Female,HR,Director,2019-03-25,F,2019,3,Mar
970,Jack,40,65000,Male,IT,Clerk,2019-12-01,C,2019,2,Dec
971,Alice,25,55000,Female,Sales,Clerk,2020-02-20,B,2020,2,Feb
972,Frank,35,65000,Female,IT,Analyst,2020-02-20,C,2020,2,Feb
973,Frank,30,65000,Other,HR,Assistant,2019-12-01,D,2019,2,Dec
974,David,35,50000,Female,Sales,Assistant,2020-02-20,D,2020,2,Feb
975,Hannah,50,65000,Other,HR,Clerk,2019-12-01,D,2019,2,Dec
976,David,35,70000,Male,IT,Director,2020-02-20,F,2020,2,Feb
977,Hannah,50,70000,Female,Finance,Clerk,2019-03-25,A,2019,3,Mar
978,Hannah,40,50000,Male,Marketing,Director,2020-02-20,C,2020,2,Feb
980,David,30,55000,Male,IT,Clerk,2019-12-01,D,2019,2,Dec
981,Bob,30,55000,Female,Sales,Manager,2020-01-15,C,2020,1,Jan
982,Charlie,35,65000,Female,HR,Assistant,2020-01-15,D,2020,1,Jan
983,Charlie,30,65000,Female,HR,Director,2019-12-01,D,2019,2,Dec
985,David,25,65000,Female,IT,Manager,2020-02-20,F,2020,2,Feb
986,Jack,40,55000,Female,Finance,Analyst,2019-03-25,A,2019,3,Mar
987,Eve,50,60000,Female,Sales,Manager,2020-01-15,F,2020,1,Jan
988,David,40,70000,Female,IT,Manager,2019-12-01,C,2019,2,Dec
989,Jack,50,60000,Female,Sales,Director,2019-12-01,F,2019,2,Dec
990,Hannah,30,60000,Male,HR,Assistant,2019-03-25,C,2019,3,Mar
991,Frank,25,55000,Other,Marketing,Manager,2019-03-25,C,2019,3,Mar
992,Frank,30,60000,Female,Marketing,Analyst,2020-02-20,A,2020,2,Feb
994,Grace,30,50000,Female,Marketing,Manager,2018-04-05,A,2018,4,Apr
995,Jack,50,65000,Female,HR,Manager,2020-02-20,F,2020,2,Feb
996,Jack,30,50000,Male,Finance,Analyst,2018-04-05,C,2018,4,Apr
997,Hannah,30,70000,Male,IT,Assistant,2020-01-15,D,2020,1,Jan
998,Bob,25,65000,Other,Marketing,Manager,2018-04-05,D,2018,4,Apr
999,Ivy,30,60000,Male,Finance,Manager,2020-02-20,C,2020,2,Feb
